Id,Prediction
㏥,
졕,
ﷅ,
᎞,
攒,
?,
ꅎ,
䶦,
唘,
偽,
䟰,
,
,
?,
戀,
喋,
㫚,
ꛦ,
鏰,
௘,
샶,
熐,
搀,
貸,
똆,
끖,
㘊,
䛢,
䙟,
㷤,
릛,
,
⿿,
蛚,
䀲,
ð,
㚈,
ň,
ᄵ,
顯,
붓,
勼,
,
樺,
徠,
,
全,
᮲,
힄,
⮮,
ﻂ,
丈,
⤐,
춇,
뜅,
ꉲ,
厗,
,
ऋ,
,
挴,
吼,
쿭,
夲,
蜐,
?,
몉,
삔,
꽢,
ꆖ,
０,
༨,
◠,
ᕵ,
ᓵ,
聵,
흕,
ñ,
띪,
⥬,
䰥,
ꞟ,
የ,
,
ῤ,
࠺,
ᧈ,
瞵,
ꈹ,
ۋ,
,
똂,
嘵,
胯,
,
皈,
葜,
䦽,
⼙,
⨇,
ڂ,
聹,
㉗,
람,
짳,
鳃,
팸,
龼,
섕,
塎,
,
㻂,
칈,
䗶,
ᄉ,
찮,
{,
定,
溗,
屯,
䕚,
혙,
聃,
巇,
ȵ,
爟,
쒻,
䩂,
佖,
ആ,
쒶,
,
넦,
ᚑ,
剓,
㨤,
뽒,
鎇,
ᰣ,
,
捕,
쫈,
屢,
鏎,
ꃢ,
,
,
熏,
,
ᯌ,
,
昩,
ᘶ,
틁,
쵨,
ៜ,
,
ா,
퐇,
剱,
ཙ,
,
ࡥ,
瀩,
畱,
砜,
祌,
㎎,
켠,
ਏ,
祇,
ヒ,
掐,
好,
,
䌊,
࢒,
岈,
㭜,
趠,
哆,
峉,
㠌,
꧒,
Җ,
ꄫ,
,
뾛,
ၽ,
ᧃ,
㑌,
Ḡ,
豎,
뿛,
፾,
䅞,
斧,
晩,
阵,
텝,
諻,
⹇,
뚔,
Ƚ,
?,
苨,
,
ۚ,
,
鋀,
଀,
㛐,
७,
,
쫾,
䪦,
憾,
ꦈ,
偊,
썆,
➙,
∧,
兊,
쓾,
쒓,
幍,
녓,
,
ꈰ,
ۛ,
,
⸣,
巯,
꡼,
撈,
ꮓ,
풒,
ﬨ,
腝,
峨,
瘂,
缙,
슩,
箎,
臗,
㵬,
꣏,
蕬,
,
屹,
ቴ,
,
㒭,
戂,
,
꥜,
⌍,
,
䔋,
饤,
ツ,
꿌,
솤,
,
∽,
케,
ꏸ,
Ὴ,
,
ﮫ,
,
,
ᰇ,
,
芜,
,
鮟,
킯,
돁,
ꍓ,
삨,
Ꞧ,
⡝,
䵺,
葬,
,
彼,
,
ಕ,
礈,
ᢥ,
,
읹,
㾓,
,
,
ᣴ,
魸,
朒,
쮡,
텦,
鸫,
斧,
놠,
,
䤼,
ᎋ,
ꔄ,
慴,
☉,
蔛,
䓭,
芮,
搿,
㓤,
?,
뼹,
뛵,
귷,
뷈,
Ⳇ,
瑋,
᎗,
ॸ,
ያ,
齹,
볃,
픅,
ﲱ,
嶾,
쭒,
먬,
콶,
僚,
ẉ,
圇,
,
ᒏ,
኿,
ǡ,
ᰎ,
훮,
?,
⑅,
廢,
랿,
?,
ᕅ,
힒,
㥈,
䞨,
䄥,
꿜,
﹨,
,
뽍,
컉,
쏻,
,
,
ꀶ,
넞,
ꚕ,
枣,
ﲲ,
먉,
푿,
,
ጯ,
⿠,
量,
䢅,
镩,
貘,
䉁,
꬀,
왺,
㹭,
灴,
儚,
缉,
傝,
醵,
閙,
狧,
,
֨,
૨,
,
ṱ,
ԕ,
ᇴ,
璸,
㷦,
즩,
㫉,
ᨘ,
₀,
?,
ꄧ,
笠,
,
嗵,
䯌,
㜴,
,
칗,
暭,
鉩,
ꄁ,
䗳,
ක,
⪰,
龪,
ꅈ,
ꀖ,
?,
,
嚦,
ꙮ,
ꤱ,
?,
퐉,
,
䫄,
,
㺺,
,
㤩,
퓜,
,
,
,
,
惌,
뮷,
,
◨,
꬞,
殉,
ᬽ,
晛,
ཾ,
躇,
ℹ,
㡓,
ݦ,
∃,
遁,
㇝,
쏕,
જ,
,
톂,
ᙧ,
햏,
똘,
檇,
瓺,
?,
㑛,
Ⲻ,
ꃮ,
䂅,
팫,
속,
ၘ,
,
〯,
ꬊ,
斢,
爛,
뺳,
淀,
?,
쑑,
踓,
ᦴ,
어,
੟,
띡,
坿,
,
캄,
,
遄,
暡,
魌,
轚,
,
ꢰ,
㡟,
⥙,
棭,
颻,
苄,
,
脴,
旝,
户,
첇,
樚,
쇬,
솄,
,
⑗,
㪍,
濌,
鰽,
딉,
,
阅,
徂,
㥁,
ຍ,
罷,
ꌺ,
⫬,
ॠ,
孀,
岽,
,
,
炻,
톲,
㳰,
）,
썖,
潵,
䏟,
셩,
煥,
搄,
袁,
別,
줟,
月,
ꮯ,
㎍,
櫬,
퓗,
擠,
릛,
堦,
,
,
薻,
쌙,
᪝,
,
硙,
휰,
샘,
Y,
ꁶ,
ṅ,
啙,
㍲,
澌,
㆙,
,
댒,
䶿,
汋,
䝤,
,
碨,
栔,
庩,
秕,
ꂲ,
芸,
䙂,
℻,
蘇,
,
,
潅,
嬢,
ᣢ,
栻,
,
뺢,
뛤,
䷸,
ѿ,
矝,
遡,
ꅊ,
鐰,
븎,
ಊ,
夨,
?,
狁,
뗠,
,
?,
틿,
럘,
歰,
岯,
¾,
뭘,
륨,
앀,
皮,
鼰,
앱,
侧,
,
菞,
ⴠ,
洌,
蔑,
͎,
ࢹ,
怽,
ﲩ,
湏,
ⱶ,
ꭉ,
꒭,
,
慎,
쟭,
曀,
,
僸,
㨳,
ᫌ,
䵌,
ڿ,
퐝,
ꟍ,
㎞,
丣,
䩥,
氟,
,
킣,
Ꝺ,
?,
㫷,
铬,
徫,
⅍,
,
ᑂ,
齱,
維,
媍,
駳,
쌒,
?,
柬,
,
ꆣ,
㟨,
?,
픽,
⮰,
׬,
㥫,
ݰ,
툵,
ꋦ,
,
햂,
髸,
턈,
獡,
戳,
癹,
餿,
꾷,
쎬,
䥄,
䜻,
?,
㩧,
,
誂,
漻,
妳,
尸,
潃,
懜,
␴,
倭,
ꪔ,
,
鹷,
붙,
䂤,
䉘,
,
瀦,
葟,
덱,
攐,
萵,
礇,
쮤,
,
㵬,
ⲑ,
櫫,
?,
㟛,
ᤆ,
썙,
⇨,
䴬,
˘,
꣫,
哧,
,
륟,
昢,
᧻,
뤠,
脂,
鑧,
ॳ,
変,
,
儖,
嬶,
驏,
ᴪ,
䣾,
翲,
皫,
苲,
툟,
,
뭑,
,
大,
?,
廬,
硠,
?,
ﳏ,
糳,
㯾,
䜳,
ຌ,
淒,
ᛎ,
㝶,
ꍰ,
켷,
럺,
斬,
緉,
咰,
,
ᵡ,
垁,
놀,
䅁,
阧,
䊄,
,
锱,
Ρ,
㻌,
쟛,
מ,
횞,
鼠,
戵,
㓴,
僤,
Ʋ,
豃,
㨆,
,
ꜿ,
즣,
ｘ,
p,
먔,
祹,
螻,
ꁀ,
⿫,
䀐,
,
﨓,
༟,
ᡳ,
珇,
ᎉ,
౳,
饖,
誫,
钑,
孿,
䄂,
샋,
,
ﲀ,
鶴,
,
鏿,
羪,
ݹ,
慄,
Ӟ,
䜢,
禓,
ꢐ,
,
㭏,
삧,
ꟴ,
僓,
뇤,
⚨,
,
윬,
椹,
꽞,
鞢,
蠷,
榮,
,
褎,
㷘,
᪢,
灢,
裋,
걕,
疋,
,
ᩅ,
⑂,
媋,
?,
梦,
鬰,
칦,
ᓶ,
曨,
吇,
,
ቀ,
줃,
,
⸸,
郖,
갡,
阮,
≵,
舛,
⻭,
齤,
鿶,
覒,
䳯,
獽,
百,
倎,
,
?,
ﶉ,
昄,
针,
㧝,
풻,
妫,
,
궳,
ǭ,
쳱,
쎼,
㊈,
蹔,
?,
⻵,
虩,
鑞,
၀,
臃,
跸,
鍊,
ﵒ,
ꃈ,
洂,
✨,
䐦,
㊉,
뙎,
謊,
扉,
拴,
噁,
㼠,
,
㽍,
訐,
,
Ꭻ,
Ⳏ,
,
ꘙ,
꺫,
䎞,
㈼,
,
저,
鴜,
襤,
쫊,
⑏,
ጘ,
ဌ,
絍,
퓡,
䍮,
⋀,
늃,
,
蕩,
憚,
,
뀕,
呮,
㞑,
,
뾟,
椰,
?,
侀,
㎸,
뉣,
?,
ᒋ,
,
,
౩,
ᛟ,
횂,
⚃,
⑞,
⌔,
䕼,
珞,
♈,
矛,
휂,
ᄽ,
ң,
Დ,
珫,
쓴,
땜,
⤌,
架,
ֵ,
学,
,
樰,
장,
灙,
?,
ቤ,
摮,
婅,
৕,
荧,
邷,
偳,
,
ﮁ,
衤,
怙,
뜋,
榠,
䇟,
᎙,
,
๬,
樺,
ᚪ,
낥,
缰,
?,
?,
쳔,
䈃,
촰,
䴖,
白,
ฎ,
?,
?,
ⵆ,
䭄,
佤,
᝱,
챹,
뺟,
,
朧,
웂,
Ṻ,
䘈,
䱝,
ⱏ,
,
엢,
ꪓ,
,
❺,
?,
ꈩ,
জ,
榣,
佹,
?,
拎,
ಹ,
ㄡ,
俜,
,
緈,
胳,
邫,
鰰,

,
뻤,
⸩,
⟥,
뺁,
荷,
μ,
,
픽,
뿔,
?,
鷤,
ᄂ,
勲,
悢,
,
毅,
浚,
彣,
Ȭ,
佡,
,
疼,
艝,
酉,
뵡,
,
縜,
熶,
瓊,
쩠,
̾,
,
ﴣ,
涕,
ﰃ,
䀼,
皊,
勿,
噻,
㸴,
扌,
ꅉ,
來,
ꦀ,
,
獶,
豚,
ꖵ,
䑺,
頇,
㧞,
䨅,
桧,
䃈,
嵱,
p,
竔,
✾,
揅,
,
ꯞ,
ꛬ,
ȱ,
,
娧,
୥,
촋,
㑖,
嵈,
끃,
氖,
裞,
?,
ᴗ,
梃,
앤,
잊,
ꜻ,
᫩,
嫸,
䞏,
ὔ,
,
揰,
鵍,
,
❖,
仚,
滛,
邌,
㇓,
,
ߥ,
᥯,
,
늽,
孈,
䶗,
燹,
沽,
說,
哽,
咫,
,
퍐,
㪬,
癖,
㺤,
켄,
,
댴,
㴟,
ꢏ,
䲈,
,
ﱡ,
뭦,
꣓,
⡯,
핐,
鱾,
饚,
嚸,
䣸,
䮗,
굕,
쮕,
ꔍ,
,
⟧,
⇞,
펥,
,
텆,
⩧,
䞥,
뀠,
匦,
⿭,
蟑,
薀,
꺐,
樋,
솢,
,
㪋,
,
贉,
飙,
歩,
⊡,
맱,
䈚,
騡,
⧘,
茱,
,
ꁬ,
ൈ,
蒜,
墏,
,
㎸,
䃠,
聋,
,
晴,
㯞,
寜,
婷,
춖,
ﴔ,
ᕐ,
儡,
鸡,
ꍶ,
솖,
,
,
塓,
䓃,
ᕋ,
䔸,
躐,
擧,
悕,
녷,
࠵,
䘽,
쪚,
䶌,
〝,
ꈷ,
㲘,
꛽,
躂,
ﭪ,
럟,
ꠒ,
쵾,
鳼,
렬,
,
뭛,
鯁,
綤,
띭,
,
,
䒃,
⋺,
鐠,
￡,
ᤝ,
?,
,
辥,
,
詡,
⡱,
ꔚ,
畍,
ﭙ,
ￒ,
ﴰ,
⪨,
鑵,
꠯,
᧩,
?,
궑,
៿,
澇,
ﰖ,
잆,
娳,
ዌ,
,
ꎞ,
❒,
ᄧ,
?,
슢,
ꨓ,
ྜྷ,
,
䃝,
➫,
䏒,
,
㸟,
㐯,
泓,
ཀྵ,
ᙔ,
쵰,
,
ヽ,
ʵ,
돋,
穊,
ꮽ,
銥,
ȵ,
圗,
徬,
Ứ,
﯑,
喈,
励,
렻,
꘴,
䥀,
￀,
쌭,
짋,
,
,
㼦,
ණ,
벯,
䖍,
ꚅ,
鉏,
,
걁,
鞼,
ꌕ,
惶,
쾟,
὞,
㬺,
뒒,
,
겖,
,
錾,
?,
鶋,
㵳,
衒,
湐,
᣽,
풼,
,
綰,
ꧥ,
㙺,
⿪,
尻,
鵆,
抉,
귑,
㇄,
훶,
쇁,
?,
㣾,
欕,
鯲,
朲,
ꁲ,
흓,
왴,
,
⬶,
❳,
剭,
,
듺,
戩,
쉈,
䖒,
㶈,
螤,
쐑,
웛,
虤,
䴿,
ච,
វ,
?,
㻲,
꽚,
垢,
䜀,
⦑,
騠,
캇,
㞂,
柹,
ꌹ,
㧢,
꼤,
鷁,
,
ର,
仝,
뎌,
뭫,
灐,
참,
곢,
₡,
젗,
윃,
,
麖,
騩,
䵜,
༝,
⤂,
쀓,
ໍ,
对,
,
,
馊,
샩,
隙,
ྭ,
袴,
ﺃ,
铐,
,
,
욉,
㽔,
,
퓾,
,
ᶼ,
瘨,
篱,
䎡,
ㇶ,
?,
밮,
욗,
써,
,
諅,
Ꮡ,
蝈,
ୱ,
僣,
䛷,
♌,
蹓,
뻡,
쪯,
?,
穁,
,
怟,
﹕,
㕟,
鷵,
䩎,
䧩,
靚,
就,
ꥴ,
⬌,
峢,
㖱,
㞭,
텨,
뒜,
恼,
萞,
䂥,
尟,
戝,
꒼,
쐡,
攸,
盘,
녜,
丄,
曘,
,
篠,
宵,
豔,
檋,
Ꝟ,
,
┤,
俍,
ṽ,
⮊,
硃,
,
干,
,
䯚,
飁,
惕,
,
詟,
ȼ,
,
퓎,
寒,
鵀,
ױ,
컻,
떍,
䂉,
喢,
謪,
嗠,
酏,
ﰔ,
핅,
ꜝ,
繩,
羗,
㮯,
שּׂ,
藶,
㎙,
,
Ὡ,
榚,
꠨,
㳑,
Ὰ,
,
ꍑ,
궽,
,
ﷰ,
㤱,
䀾,
㙅,
,
镸,
卍,
뒡,
ꐤ,
聳,
䚲,
춺,
?,
맫,
桧,
贗,
ꁣ,
麎,
ರ,
ꯒ,
샣,
蘰,
?,
鄐,
ʠ,
,
돪,
᝭,
䔌,
૯,
ᇕ,
穐,
ᨎ,
뺁,
订,
촹,
稢,
雈,
,
鯛,
ꩶ,
썐,
끔,
㴛,
餗,
퇫,
ᖆ,
௸,
ᶭ,
몣,
媏,
,
ݾ,
鄆,
郱,
֗,
櫛,
휵,
풽,
ꓲ,
㒘,
瀭,
푦,
ⲅ,
͞,
ᕦ,
濷,
뉄,
㺨,
踗,
籔,
炙,
ʺ,
Ꮣ,
,
晽,
陱,
㪟,
꒕,
뀏,
耽,
䌶,
俉,
繌,
,
㹛,
㶩,
鯿,
䬋,
竄,
䣚,
樚,
芸,
,
緃,
,
綠,
暏,
緤,
冴,
,
䄹,
,
ΐ,
䤶,
搾,
戇,
ꞏ,
,
㧲,
悼,
좢,
Ⳝ,
廆,
ᨹ,
蘇,
젊,
೸,
煢,
鄦,
,
,
,
챱,
䐵,
﹓,
⦕,
ቅ,
䑎,
ઑ,
驟,
냘,
䐌,
暺,
닣,
陗,
쾿,
鏦,
ｔ,
䢟,
䫫,
栘,
ⱅ,
鋀,
팁,
䑟,
䇁,
믺,
蔎,
ᦗ,
㣢,
灸,
䁉,
北,
?,
朿,
泋,
镐,
ѐ,
䮮,
穸,
퐩,
➉,
輪,
弁,
滂,
菒,
렇,
,
땗,
,
醛,
굢,
옖,
꣨,
᮲,
,
ͽ,
驚,
⏣,
誻,
좕,
싂,
ڡ,
⁤,
,
,
腂,
貖,
䪼,
퍳,
죿,
,
劆,
,
,
ﻞ,
鞙,
ᗕ,
ꚪ,
땻,
?,
,
錥,
䩪,
¦,
맛,
䖷,
풻,
,
蝤,
⃯,
젫,
䘥,
ⴣ,
?,
ꉲ,
轳,
ฅ,
鴶,
れ,
䱄,
섚,
ꞹ,
㔈,
痱,
⠤,
帇,
ᐎ,
ᯒ,
⏞,
︙,
縺,
펶,
牨,
ᢊ,
ꈓ,
ᠤ,
￪,
ോ,
滴,
婟,
善,
෺,
풼,
ⷧ,
㻄,
䘈,
咔,
å,
ꈷ,
㮕,
먟,
䇀,
㾑,
㛬,
骖,
쀊,
鹙,
긚,
ể,
疡,
Ა,
⚋,
嬬,
嗇,
₧,
?,
吽,
獦,
缸,
ꑏ,
鍯,
踥,
⁢,
逷,
ꛅ,
潝,
⿌,
䦏,
귔,
⮰,
鄜,
宇,
ꢌ,
⥿,
?,
贅,
⹨,
絷,
쾍,
廤,
띚,
䈔,
ꜟ,
㋡,
,
믱,
䉼,
掰,
ꑫ,
죂,
쪺,
﹋,
竮,
ਊ,
繗,
폢,
,
ꙺ,
瑭,
德,
?,
灐,
词,
厲,
㶵,
駨,
㛽,
엩,
䧣,
葿,
দ,
捴,
꥓,
랾,
胶,
ⶇ,
ﻒ,
䳏,
ﷶ,
ႍ,
뷲,
銯,
密,
µ,
,
,
⮶,
,
嶆,
ʽ,
ྉ,
惒,
丝,
縖,
Ʈ,
᷼,
ፀ,
㠷,
?,
넘,
ﵯ,
쮠,
ꓦ,
鰽,
놞,
訅,
䳊,
鏤,
ﺰ,
蒜,
?,
?,
⭪,
?,
逌,
㲃,
欠,
㿿,
ꄯ,
쎺,
䴞,
獟,
,
ᘽ,
,
鞦,
蚑,
ϲ,
젒,
턈,
⽨,
䀃,
퐽,
⋱,
綁,
ૅ,
ᥓ,
䤻,
炮,
‬,
鿺,
忽,
⭾,
箾,
頯,
壃,
崬,
䂖,
┬,
盢,
齥,
㉝,
屐,
褿,
,
掷,
?,
靗,
ֳ,
,
啵,
,
ꕂ,
愰,
呀,
䣉,
趈,
ӣ,
득,
䳆,
㆐,
叙,
享,
,
璪,
䭭,
,
䴱,
麯,
仏,
윆,
錤,
አ,
?,
ᶘ,
液,
起,
榤,
✆,
灩,
䭟,
棡,
䓶,
?,
肉,
㸙,
,
하,
뮇,
谡,
,
?,
⡢,
,
蚐,
?,
낾,
,
ﻣ,
아,
蟝,
映,
꼱,
樓,
츔,
⑇,
䊀,
튰,
戲,
᭜,
冊,
胩,
￢,
䝏,
籍,
≻,
䑂,
極,
饔,
畽,
ᝦ,
嫸,
郳,
誯,
,
秝,
࠷,
쁡,
഻,
ꢐ,
틫,
涸,
⋱,
딲,
ꃙ,
䝝,
⧴,
⍴,
ᝉ,
듙,
瀍,
枀,
ᇂ,
Ⰳ,
蠲,
쬜,
?,
㣬,
嵛,
귕,
䥃,
諯,
,
,
皎,
⁵,
溵,
錋,
읛,
墱,
,
峰,
첊,
譐,
䚶,
豐,
뫹,
쐧,
꣘,
枩,
逄,
,
㘷,
ᥞ,
↼,
娺,
䉌,
ۥ,
혢,
뀕,
쎁,
婪,
ጸ,
缵,
꟟,
䱴,
ͽ,
쮅,
゗,
㸨,
,
삐,
ﺎ,
䠮,
,
鈀,
켢,
ꎰ,
炑,
椻,
쏤,
ퟻ,
저,
磃,
瞒,
妪,
哇,
䐒,
폡,
,
懅,
ැ,
晤,
뢾,
₿,
૟,
堜,
?,
慦,
䢷,
,
嘿,
ⳮ,
﷩,
ﻩ,
黉,
鍷,
ல,
뻳,
祘,
輆,
❬,
䗙,
᥽,
䭓,
何,
ᗌ,
⢾,
,
沴,
䱫,
,
띃,
ꭔ,
ᰒ,
̟,
쬤,
鿶,
ჹ,
ঽ,
⇓,
작,
㯶,
Ѷ,
攴,
།,
ۜ,
瑡,
脧,
鲩,
,
충,
嚓,
,
?,
쵅,
匊,
館,
๫,
谏,
土,
Ⴕ,
඾,
኱,
埸,
䴓,
ꈝ,
酖,
脲,
,
ⰶ,
̨,
꬧,
훀,
䛡,
驀,
ꫡ,
둎,
ⲍ,
ẇ,
쫊,
,
ᦿ,
뻺,
ퟻ,
繙,
䈭,
,
䄭,
荛,
,
,
夀,
ᠮ,
쬛,
䲜,
䵰,
⪰,
閈,
텮,
뾷,
ǣ,
ㅰ,
죲,
뷱,
䛢,
㗋,
蒭,
柭,
迪,
ꗖ,
ﱼ,
誹,
禊,
所,
,
?,
ꟸ,
,
䷴,
ㄅ,
邿,
Ы,
㚕,
ḓ,
ᚈ,
術,
鸐,
軙,
癛,
쯍,
,
埂,
迳,
怄,
ꨮ,
,
뜑,
᫉,
⃪,
闬,
ﴐ,
悙,
☍,
ඒ,
藑,
떤,
┊,
㪐,
쎥,
廪,
,
ᘡ,
磙,
찪,
盀,
့,
뿒,
䉦,
쉎,
ꌵ,
뭙,
⇟,
,
퐋,
グ,
ᾥ,
䃞,
燎,
債,
ᯋ,
,
჌,
옴,
䉪,
⁙,
謭,
,
㲎,
䙑,
ᑨ,
챉,
愍,
詷,
戀,
璆,
㋛,
릤,
楫,
ⷪ,
庇,
販,
鳶,
猶,
,
奀,
?,
噴,
䵙,
봦,
蒉,
暨,
֝,
椄,
뿢,
茎,
碊,
ꩭ,
,
휹,
缍,
⃯,
ࢇ,
ꭔ,
彗,
㺬,
䆧,
꧗,
京,
蟴,
㓌,
꽐,
趋,
韖,
㉽,
闁,
ꍚ,
ڇ,
䉗,
⒊,
銵,
베,
,
鬰,
䗋,
ⴵ,
散,
掙,
琩,
巎,
䇟,
寧,
፦,
춝,
꺑,
,
ᓲ,
曂,
抜,
뼌,
혩,
᥎,
,
光,
ᄔ,
⾾,
厌,
굖,
鹯,
行,
闣,
첄,
젾,
갠,
,
紋,
摭,
煙,
?,
?,
朎,
㛼,
Ә,
螪,
汁,
ী,
辯,
侞,
݉,
亚,
礓,
ꁸ,
鯴,
典,
︟,
⌆,
绒,
줴,
㧼,
兎,
?,
씴,
,
,
恗,
ⶪ,
䷉,
﻽,
Ṳ,
佤,
ᧇ,
,
颂,
쟹,
蘞,
ᩍ,
住,
﻿,
ﭧ,
뀄,
䚼,
㥻,
?,
䅡,
㺫,
㢲,
⟯,
؋,
杭,
按,
ᗺ,
㬺,
㲒,
桝,
깏,
섮,
秄,
ᯁ,
疲,
䰐,
瞘,
ቫ,
ꮃ,
酖,
⧈,
訂,
欂,
㖳,
훃,
ᩎ,
勺,
㌇,
?,
㟫,
뼼,
점,
䂧,
허,
⃮,
圳,
䡧,
윇,
⯈,
杓,
㩐,
ᄌ,
봊,
䐧,
⟱,
躴,
﫭,
,
?,
洒,
訫,
⨕,
喒,
㉛,
練,
큼,
갯,
࿌,
ᆢ,
覙,
职,
㐺,
漌,
⠂,
ᅁ,
ℋ,
㥮,
逸,
,
賆,
뢽,
㛎,
┪,
쿔,
聐,
䦕,
,
䢝,
☩,
㮫,
嶌,
ಖ,
乊,
,
ﳥ,
緆,
総,
ꏵ,
심,
,
꩕,
մ,
?,
⡾,
梣,
鞇,
,
粸,
⟠,
⒂,
풐,
鴇,
魊,
ด,
쒅,
믭,
䛁,
啒,
婊,
欯,
鋦,
,
⾏,
履,
혈,
臊,
뒬,
문,
쇐,
뒠,
ఇ,
,
퓩,
ᨠ,
ዊ,
삱,
࿬,
퀟,
,
琔,
䲢,
,
來,
,
⥯,
戴,
䥵,
℘,
鲰,
,
䮨,
躑,
퓋,
沴,
蕏,
Გ,
❙,
熑,
캔,
曒,
ꑈ,
箮,
∈,
ఴ,
ャ,
,
ᔮ,
偍,
ㆂ,
孠,
쌘,
亍,
影,
삖,
,
惱,
炆,
熩,
ꐌ,
춮,
䗬,
,
⾨,
穟,
涆,
갻,
赝,
煂,
癿,
ￔ,
?,
༳,
,
帆,
᧏,
莀,
流,
ﭦ,
趵,
먗,
櫉,
ᜢ,
擆,
ȩ,
?,
욎,
鼝,
叁,
ྜྷ,
१,
楚,
输,
,
侺,
ⓣ,
8,
峏,
滾,
쏜,
ᨷ,
蚤,
뎝,
,
᰻,
ꎦ,
Ⰰ,
퇼,
?,
뙺,
䫙,
雛,
홎,
뀖,
좸,
,
榅,
䁱,
㖠,
?,
呣,
ꞣ,
獑,
ฮ,
»,
⣙,
猋,
噇,
曱,
,
,
꽰,
ဦ,
ᾤ,
䷡,
,
핱,
ꉖ,
畴,
ὒ,
,
쳸,
뇞,
ᭂ,
ቃ,
ኝ,
ꀄ,
㰚,
羮,
?,
魓,
,
乗,
뽒,
혀,
㳖,
熯,
豨,
逖,
㷥,
縋,
쮯,
⇜,
䃗,
匙,
浉,
黕,
鄻,
텚,
終,
陗,
㑑,
꣧,
炋,
鯺,
ꃿ,
浅,
쵤,
汯,
⤐,
햬,
笸,
轎,
,
亻,
턥,
鱙,
粠,
ཱ,
꾎,
,
⹡,
〄,
滂,
,
ࡣ,
檳,
楸,
′,
᭚,
ê,
䁏,
ꚨ,
,
㍠,
☦,
擉,
ക,
騙,
,
킄,
硈,
謴,
ⲱ,
ꉇ,
鿜,
,
ර,
ꐴ,
࡝,
樝,
싲,
䟱,
妅,
囇,
嗪,
狙,
,
㌳,
瀓,
㥓,
猁,
꫚,
￿,
屒,
蔿,
넩,
玲,
闯,
욾,
㵉,
雌,
錢,
㩏,
,
,
꥚,
㤅,
戡,
뢫,
瓪,
汧,
ㄺ,
ࢮ,
炰,
彑,
懅,
ꖎ,
?,
投,
ᬁ,
,
솼,
淵,
踉,
䉮,
䥦,
㖸,
,
꼫,
畽,
㏸,
ﺖ,
围,
㠉,
댞,
룒,
,
푾,
虞,
䋓,
豕,
귪,
닁,
ឰ,
蛗,
ⴰ,
⚽,
ᭂ,
ꪟ,
䩸,
䮨,
鮏,
Á,
轺,
,
璳,
惔,
଼,
䣘,
烇,
ᄢ,
㏸,
ﯨ,
폙,
峗,
,
ợ,
륖,
ⶒ,
ꞝ,
륃,
䓨,
傃,
胗,
嵋,
ꅛ,
薓,
撶,
瑅,
艧,
誖,
퀢,
雏,
湊,
ﲇ,
䣸,
赡,
ﳕ,
⭒,
㠎,
㉭,
陹,
唐,
?,
,
फ,
惠,
⁹,
页,
㱦,
豚,
觘,
玹,
,
ވ,
闓,
蕿,
锺,
,
ড,
们,
?,
െ,
♕,
䟍,
,
絥,
쨯,
,
ष,
킞,
㷠,
,
⋔,
뇓,
갍,
蕬,
꿉,
㮆,
ຂ,
,
⪎,
㌡,
䪋,
袸,
뷫,
契,
隶,
▌,
ꭣ,
䳏,
蚱,
ᐽ,
ꡬ,
睆,
⎸,
,
꿳,
⮩,
忢,
,
狋,
,
礚,
鉌,
,
鸡,
,
ꁪ,
빃,
㦞,
ᒤ,
ꤕ,
嗨,
萶,
拱,
后,
隬,
쿷,
ஸ,
ꇘ,
ꕱ,
转,
去,
ἒ,
,
긯,
,
劊,
䒱,
᪥,
䜪,
,
㠣,
녘,
,
ጪ,
⁨,
ͣ,
鴘,
ﴓ,
鬯,
똂,
,
㔇,
૛,
㬪,
蘄,
悊,
,
쬇,
륄,
暇,
,
寰,
財,
,
ⶥ,
ꍧ,
炙,
ꎾ,
쿼,
ᬹ,
᠜,
얥,
뤄,
穱,
ᇣ,
몹,
ꓔ,
颞,
텗,
輪,
ﮰ,
ᑠ,
쥅,
☀,
㛟,
嘳,
䲖,
䇦,
,
官,
ぜ,
껗,
靉,
ᣒ,
ᅞ,
儢,
䚬,
,
?,
᳋,
,
馩,
쪤,
?,
跕,
듎,
,
౸,
ꁩ,
尟,
撧,
 ,
ꡡ,
㪑,
쥐,
༼,
㵣,
?,
駸,
탠,
枡,
鯘,
㫛,
㻣,
༝,
踿,
鴦,
駊,
,
兆,
㘽,
픹,
ꤜ,
쮺,
,
咎,
Ḛ,
Ꟁ,
,
繥,
ṑ,
麉,
㢑,
埿,
鳀,
鶜,
⮧,
㧍,
,
ꏴ,
磐,
撕,
غ,
ꩉ,
껊,
떾,
볹,
ᛂ,
鈢,
憣,
ሉ,
ﳆ,
ﾖ,
ൂ,
䆽,
ᇣ,
艐,
꤯,
畔,
㵩,
㓰,
䤤,
눂,
∐,
ؓ,
锾,
埦,
엔,
玆,
筶,
ꤎ,
,
ᦩ,
뢝,
朌,
蔪,
〮,
앥,
馬,
骉,
栉,
뎂,
懍,
焽,
欂,
?,
〢,
皒,
쓧,
︣,
贍,
댴,
㵵,
,
礃,
本,
줷,
ⷈ,
,
㡈,
ꋾ,
঒,
ᄪ,
,
잝,
诀,
Ꝼ,
,
辵,
㻔,
옷,
,
딧,
럗,
む,
?,
湣,
ꩻ,
룚,
篪,
躽,
的,
夙,
?,
痭,
햚,
䏔,
紊,
䞟,
꯽,
,
䬎,
床,
讗,
艟,
섑,
鸇,
휽,
ᥧ,
瞝,
艃,
璃,
凪,
,
ȱ,
贋,
伖,
ꭲ,
뎰,
ᐁ,
툄,
痧,
㑚,
ꡎ,
ᮠ,
⍦,
豗,
钞,
탵,
챃,
Ο,
?,
权,
,
헬,
嗾,
뛢,
鋺,
韥,
,
춖,
뻿,
쿋,
㶫,
垭,
씎,
,
﬛,
傉,
繮,
㋫,
,
焂,
쫰,
ਙ,
,
ꏇ,
硕,
敮,
ㄪ,
䯴,
?,
桄,
삋,
筓,
賧,
,
뙺,
,
,
材,
ꭠ,
筸,
蓺,
ᒴ,
斫,
䘣,
磄,
დ,
庛,
櫙,
,
걓,
뒯,
䱮,
?,
䱙,
ꅽ,
댇,
ᠩ,
ᯂ,
⛗,
湜,
틹,
ᐽ,
릝,
,
,
뢇,
螑,
䊁,
,
柼,
䫡,
㲹,
繱,
׫,
椌,
㊌,
Ş,
̐,
ᣜ,
ꄘ,
ₘ,
攣,
,
?,
私,
ᇓ,
ᓍ,
౨,
傝,
壾,
謀,
⃓,
闖,
ĥ,
瞎,
渫,
ꃚ,
꽍,
屣,
䂲,
쏬,
珁,
ሄ,
ﰓ,
漚,
﫲,
̓,
㭤,
槜,
덱,
헝,
䓬,
Ⱏ,
顷,
ᝇ,
⯈,
汝,
箑,
㵖,
ౌ,
Ỡ,
킕,
乜,
廃,
ꋲ,
,
ﾃ,
₏,
,
⥃,
愩,
퀜,
,
?,
롤,
动,
,
崿,
卿,
럼,
俛,
ㄔ,
쿽,
汖,
뷬,
,
鞨,
괨,
堤,
趱,
䶛,
刞,
ˆ,
亠,
ﾙ,
㘮,
,
?,
쾸,
㿐,
詟,
疝,
봃,
萝,
␯,
겂,
霒,
ෞ,
圵,
ﰡ,
㐨,
艴,
న,
ꦀ,
詐,
䷯,
诮,
,
⮲,
괭,
ᜮ,
鯯,
,
婲,
ⰸ,
쇻,
윓,
Ⲅ,
৺,
霶,
햿,
,
੪,
ꔔ,
駄,
焕,
,
ϣ,
守,
㿩,
㥶,
俴,
郈,
롧,
絊,
?,
羖,
,
薫,
̥,
?,
䥡,
䶜,
㳽,
累,
爮,
,
鯫,
㭅,
,
ᾧ,
཮,
襲,
ꓴ,
噋,
澽,
,
핹,
指,
౮,
ጬ,
⽦,
,
轃,
郸,
씫,
皇,
궘,
䕱,
椪,
汻,
ᙚ,
䵃,
줽,
㲡,
䔬,
羪,
Ჰ,
巧,
镃,
↬,
㴱,
,
ਘ,
鸶,
萹,
彞,
う,
늰,
솩,
ᡲ,
浀,
艃,
娋,
㮾,
붏,
嚩,
멟,
뗰,
뾶,
콌,
䱿,
ᖵ,
ڣ,
᪋,
ꖸ,
▜,
蹴,
?,
﬽,
玾,
ꊷ,
,
,
⿝,
䶲,
髙,
꩸,
蒭,
빽,
졧,
暛,
쥩,
诒,
ṉ,
列,
䛹,
䍚,
ꌘ,
ꮥ,
瑈,
⨯,
㙲,
露,
뉬,
㹇,
理,
䉓,
䴔,
,
楮,
緪,
塿,
㨝,
쁟,
㬭,
耦,
芤,
惿,
裰,
﵊,
,
,
,
ͩ,
浨,
쨚,
盥,
з,
㝬,
幐,
즈,
,
䀚,
䟮,
㸣,
婶,
,
૰,
츟,
䆫,
崏,
摹,
鎔,
＜,
鹖,
⍫,
?,
ﴱ,
,
ꜥ,
颚,
켍,
濇,
鶜,
椡,
祔,
璸,
諦,
壱,
ᛕ,
珩,
汦,
詤,
,
ꬪ,
屫,
拰,
о,
ˎ,
Ⱐ,
൯,
ᯗ,
ᗀ,
킂,
ꖉ,
௠,
좧,
┉,
䀩,
,
⯥,
泼,
츊,
礪,
?,
菐,
絲,
㐄,
,
,
﫱,
掾,
,
繬,
ヲ,
ԉ,
욠,
凱,
뙷,
겱,
幟,
쏛,
꫓,
䬶,
?,
碑,
麤,
杦,
鎈,
ﾆ,
௄,
鉃,
뱉,
㊈,
擉,
꾝,
䚊,
㍬,
괣,
骃,
駊,
챶,
,
覜,
,
彆,
᝘,
,
ꟻ,
䩨,
,
医,
쁙,
,
눽,
㹭,
짆,
?,
⟪,
ꃰ,
명,
櫥,
蘆,
遘,
혓,
,
괌,
弦,
䔽,
ꀪ,
뭱,
ᗲ,
￯,
受,
瞛,
餼,
湑,
飔,
⧓,
姭,
潮,
,
ᾶ,
鵃,
㫱,
௘,
脩,
嗎,
,
?,
閔,
蠉,
䈭,
ܛ,
쁴,
ꏳ,
ჳ,
勴,
쇛,
ڍ,
識,
ﾈ,
৕,
턌,
㈔,
栰,
遆,
?,
,
⍟,
첌,
?,
ⓓ,
歎,
箉,
㘤,
깰,
ꎂ,
쉣,
葤,
脔,
₋,
褚,
?,
ሰ,
丹,
삳,
妾,
刨,
ｇ,
؆,
嬒,
瓲,
᭗,
삿,
?,
弶,
揊,
,
ຆ,
皣,
澀,
驊,
꣍,
,
氎,
✙,
电,
腫,
㱙,
㳝,
侟,
髑,
ꆷ,
耴,
琈,
饾,
棙,
ᦑ,
ⶏ,
ㄠ,
,
蚚,
䂐,
䲢,
㊎,
২,
胁,
ᠹ,
䈒,
ﭩ,
솊,
Ѽ,
飫,
十,
,
彛,
䉍,
쌺,
,
Ⰳ,
궰,
䨣,
⢝,
,
,
,
灛,
款,
ⰼ,
濵,
빲,
⿳,
?,
褷,
?,
㺑,
,
࢈,
륶,
펫,
危,
⳰,
ꃍ,
ႅ,
,
볼,
냄,
ং,
ὖ,
,
筧,
鸱,
₉,
︔,
挖,
ꤎ,
ⷧ,
䋔,
噆,
샐,
쳈,
鴛,
,
꿸,
๖,
ᵤ,
긄,
,
ꢋ,
窜,
酱,
退,
來,
,
Ꞌ,
왵,
㝢,
襔,
⦱,
,
䘓,
ꂾ,
灧,
⵱,
ᮛ,
砐,
鳭,
㔒,
죄,
⛇,
䔎,
육,
柎,
嗷,
᷄,
ꎸ,
絋,
솫,
渝,
క,
熎,
,
춋,
궰,
,
䁩,
⽜,
懆,
燪,
諲,
掫,
ꮏ,
鬒,
硦,
䳬,
岡,
鑥,
牘,
⣭,
,
ῃ,
⠱,
⧝,
䱶,
ʴ,
㪵,
枅,
樁,
렞,
⊶,
뛓,
ౣ,
ﭕ,
,
煣,
ⱡ,
◖,
鞎,
,
ܵ,
䴸,
酴,
祐,
੊,
쵄,
,
ẽ,
䶕,
،,
ꃡ,
蹛,
,
,
箥,
,
Ὠ,
㽙,
⡍,
珊,
꼝,
ⷝ,
溢,
Ṧ,
ଆ,
␰,
曻,
拁,
䣦,
䙥,
鈡,
㳩,
쪸,
⽠,
箅,
,
佬,
눜,
ꢙ,
繮,
顤,
댧,
ᾂ,
,
긘,
䜝,
䜴,
觋,
粃,
㰂,
䛡,
쏈,
䐙,
㝬,
ꅖ,
虔,
౱,
댢,
웦,
?,
頪,
굧,
塝,
ث,
?,
緞,
♳,
㻉,
?,
곢,
毪,
뺀,
ᅺ,
ᆑ,
覹,
Ⰿ,
涏,
狖,
コ,
镍,
ቊ,
顃,
侾,
⧮,
櫬,
饵,
꽴,
䏳,
㣖,
ꀴ,
磼,
ꟸ,
㑆,
椠,
좁,
퍨,
㔐,
,
פּ,
樭,
,
캦,
蜍,
ᰳ,
琌,
嫩,
먘,
,
⸠,
㔳,
姥,
㙋,
ᩣ,
棤,
풩,
ỗ,
癃,
䒚,
紼,
黟,
쮏,
淰,
ᖹ,
㻽,
ᔥ,
跌,
࿗,
?,
꘸,
ខ,
繸,
,
沭,
详,
픃,
,
ካ,
,
碀,
텇,
,
켒,
昹,
ɸ,
꼀,
堈,
Ѧ,
ⱘ,
踄,
?,
ⷄ,
骁,
Ƽ,
ꗿ,
펳,
욏,
鲜,
챹,
ｇ,
?,
㟉,
,
ᰕ,
䵀,
依,
륅,
騢,
즃,
郙,
䣾,
?,
㈛,
뷴,
濳,
쯬,
ṥ,
罚,
䝵,
У,
尲,
述,
繁,
羖,
,
筧,
ᾄ,
੺,
?,
호,
ⲣ,
%,
ኯ,
샥,
ឆ,
兔,
ࣰ,
洳,
缿,
锧,
꼨,
Ʀ,
,
,
℞,
苐,
?,
ሱ,
摐,
鍡,
㘓,
돂,
貒,
閶,
烙,
겋,
펎,
㟧,
⦑,
ꕀ,
ᮼ,
ꖬ,
䱰,
촠,
狷,
熁,
႙,
᧡,
,
䆀,
羽,
㤈,
㌃,
鐃,
蟻,
䙴,
絺,
,
罦,
魈,
즗,
纨,
ﺏ,
ᔟ,
ﹲ,
䱺,
,
뚎,
?,
穮,
婖,
疔,
垿,
䎎,
,
䵌,
䟣,
鹇,
,
굺,
,
ὣ,
ꐄ,
࿐,
⦜,
鈷,
ﳔ,
嶃,
啜,
ዒ,
涜,
㴑,
幃,
᥅,
,
五,
齿,
綿,
놺,
ᖑ,
죝,
裵,
,
燸,
汱,
ᜫ,
媖,
⟢,
ҩ,
缻,
⹉,
ㇰ,
,
డ,
੄,
撾,
학,
핐,
ᢪ,
῔,
଍,
,
?,
၀,
o,
ኃ,
㡒,
슔,
耠,
㑷,
⚄,
,
?,
谊,
꽔,
떎,
Ꜭ,
꥝,
㒢,
޳,
,
,
惸,
钽,
,
뫖,
诶,
惚,
⢶,
?,
糧,
劫,
ῆ,
,
쓟,
,
围,
Ӓ,
,
祭,
誉,
?,
?,
䛈,
ᚾ,
垖,
쳜,
㌍,
앓,
冡,
欖,
驎,
耉,
苩,
鹼,
꾧,
ꔭ,
䵚,
斊,
☭,
?,
璚,
衇,
ူ,
㾴,
鱑,
뜢,
삒,
蚣,
婮,
㚗,
?,
졄,
❸,
⢍,
秃,
ፅ,
,
솂,
㩖,
,
阹,
南,
က,
쳃,
,
,
,
먭,
?,
뎉,
㦯,
﯐,
簥,
拜,
,
焸,
䰞,
말,
输,
鸋,
䉟,
䏻,
㍬,
஗,
ﳻ,
倡,
﹝,
假,
穚,
ꜽ,
뻫,
稸,
ꦟ,
៬,
䮃,
ഗ,
噍,
㢱,
㬮,
,
⾲,
㫱,
롼,
م,
怽,
乶,
념,
試,
媓,
졅,
萊,
榚,
,
Ŝ,
鹑,
ꀎ,
㑳,
齎,
뵴,
굫,
夥,
烊,
ν,
偞,
센,
퓞,
멚,
㩍,
嶵,
敢,
,
⒦,
暈,
ṹ,
뇃,
奯,
쯘,
။,
❪,
櫙,
㠼,
У,
ꗈ,
탖,
꺩,
邵,
뮿,
콠,
,
㨨,
섎,
㮍,
쏠,
귉,
镞,
々,
꿸,
놱,
豓,
齇,
툜,
辶,
ງ,
ӥ,
?,
?,
啉,
㦉,
೚,
,
깐,
,
셬,
ꌯ,
ल,
쭡,
泘,
,
㮐,
原,
?,
粯,
䕫,
,
ⳝ,
姶,
姼,
酒,
碠,
͗,
,
噝,
,
䆖,
趑,
뉒,
佻,
ﯯ,
폕,
愳,
똷,
,
ꝍ,
諆,
,
⋹,
?,
샽,
⊱,
,
螲,
滱,
䥌,
䖵,
⾟,
?,
殈,
첦,
㙚,
㗭,
霔,
䨦,
긖,
ࡎ,
뙀,
,
ຨ,
ず,
ಯ,
喹,
དྷ,
,
㽘,
㣒,
ዏ,
鏃,
￢,
㛻,
,
礹,
襪,
긎,
᭖,
깻,
夈,
儿,
꾅,
?,
週,
⏧,
뉰,
Į,
謹,
衩,
ी,
颱,
㨛,
턯,
檦,
氡,
ᄉ,
읭,
ᤈ,
櫘,
,
,
,
邁,
粫,
,
饉,
뎐,
턑,
嘐,
桪,
Ⅲ,
雜,
☈,
૶,
ꝩ,
⯔,
,
듯,
,
ࢳ,
㇩,
,
甓,
녾,
̻,
ᕧ,
麽,
訏,
밅,
,
ꩭ,
缁,
얾,
㰱,
⏁,
욷,
,
,
〤,
,
죡,
錕,
꘻,
웤,
쑳,
蚿,
￡,
䇙,
㓸,
譹,
䨊,
ớ,
ￍ,
敎,
ꔿ,
,
姥,
᧣,
窈,
拥,
둚,
﷊,
?,
𢡊,
,
夛,
韗,
Ǎ,
罇,
뒃,
ꐒ,
ẚ,
鿳,
䢂,
ꔤ,
迚,
鞢,
ट,
㬉,
蒅,
?,
藬,
Ⰳ,
㻄,
䝞,
닇,
?,
愤,
,
毀,
튞,
찿,
即,
䌏,
몈,
釽,
乘,
璯,
闔,
绍,
⤶,
徏,
ɍ,
冂,
䏭,
퍓,
ԙ,
䵦,
鄘,
獪,
鉂,
,
땚,
褺,
,
㫪,
?,
ߖ,
ꓖ,
巀,
翾,
꽫,
ꉫ,
懃,
,
ﻶ,
줧,
ဇ,
蛗,
˩,
労,
扉,
,
괩,
ᯅ,
๒,
摏,
?,
㬐,
뽩,
烉,
宔,
颚,
뽈,
⦍,
೙,
䕐,
횽,
쁩,
꺙,
ᓐ,
顄,
Ꮎ,
鍷,
,
⊿,
䉺,
,
℁,
貨,
恩,
,
,
镧,
渐,
웻,
眆,
,
ꅸ,
黃,
ꏈ,
൤,
應,
ఆ,
䌳,
碯,
ⓛ,
䅾,
儌,
科,
檵,
䲃,
뭨,
舊,
ᰄ,
贒,
远,
抬,
䵘,
ᔬ,
氾,
꣤,
牚,
뻵,
즏,
⋫,
겆,
ᕀ,
齟,
⎬,
Ἣ,
⭾,
佲,
㎭,
ច,
쉱,
ⷞ,
躑,
䖶,
㚌,
⺏,
ᔵ,
ŷ,
,
棛,
䛃,
?,
獊,
귪,
,
冈,
隃,
,
剮,
,
兆,
日,
ᦞ,
់,
,
礧,
籀,
脨,
豷,
,
떳,
놗,
恆,
푸,
䙎,
Ꜣ,
ꇾ,
맙,
䪎,
㬅,
顅,
哀,
,
᲼,
,
ᱩ,
춍,
襅,
啮,
,
,
蒄,
嬳,
Ā,
,
䝽,
ꀚ,
縗,
趸,
ꇚ,
㌅,
뤜,
桞,
䑨,
ض,
驹,
剐,
,
,
,
泙,
ᳫ,
銖,
䁔,
黲,
䚬,
⇁,
玼,
,
ᤩ,
핱,
ḇ,
ƞ,
ꥹ,
礩,
㇌,
ⱂ,
쟡,
╬,
䬦,
潈,
퐺,
膇,
Ệ,
,
䂁,
㙘,
?,
ꎻ,
糺,
꿝,
फ,
?,
錄,
單,
ᨖ,
謪,
鈝,
ﰳ,
响,
╣,
늿,
㋑,
㈩,
萈,
擄,
윞,
鯣,
㕬,
ꈋ,
덗,
,
凷,
ꤹ,
൷,
?,
⫹,
嘶,
Ⲩ,
ᣛ,
부,
蒥,
䵋,
熬,
陣,
뺭,
塄,
콺,
䋬,
,
叐,
늖,
賑,
町,
⸨,
魣,
쑵,
䜃,
ﲸ,
豅,
덱,
,
폐,
즌,
ᮍ,
,
츦,
ĭ,
⫄,
⦔,
ﶆ,
졚,
?,
⑳,
꘻,
殂,
ꍵ,
ᄔ,
꯶,
펆,
௙,
陋,
퓯,
쏣,
㏲,
殃,
,
뜲,
潺,
?,
秭,
ꄐ,
騉,
乗,
组,
,
⬜,
⟟,
︸,
岰,
ꏝ,
캜,
鐇,
ᷬ,
궄,
쓫,
밝,
殑,
鳿,
偿,
셉,
᝵,
?,
,
,
?,
푖,
䰤,
廜,
䙶,
?,
牡,
埠,
뙙,
⠮,
㿠,
쯡,
敦,
驌,
,
ᯜ,
?,
㗳,
䒘,
鏨,
錾,
ꜧ,
笚,
㷁,
◝,
꫓,
덩,
쉘,
쓘,
倐,
踒,
覭,
繓,
곔,
膠,
맏,
ᢂ,
֚,
ꯔ,
,
浧,
膃,
,
湝,
쬷,
벆,
夈,
屓,
暖,
,
䋁,
焩,
⃸,
遼,
쥃,
皾,
Ꮦ,
䐸,
캅,
?,
⬡,
푼,
떴,
迨,
쐨,
䬉,
ר,
織,
椹,
ᐲ,
,
ᫎ,
噡,
庸,
촧,
ɜ,
ㅢ,
,
韝,
疌,
卓,
윯,
궵,
낕,
⻫,
귄,
࣊,
罓,
Ὺ,
彯,
묟,
倰,
Ǯ,
埌,
ꔡ,
䌈,
趪,
暼,
︼,
奱,
篋,
힛,
눿,
읟,
Ъ,
䮗,
ᵬ,
㡧,
ޟ,
渀,
,
ﲟ,
쯹,
Β,
헊,
,
쯡,
림,
䶾,
ሄ,
⠅,
,
⽲,
뉋,
벽,
ᎍ,
,
῔,
튔,
伙,
敒,
쇧,
,
䅘,
루,
ꮪ,
ᚸ,
䏡,
↞,
,
鞅,
悄,
ዂ,
闾,
핮,
⌆,
蹁,
틄,
ౖ,
힯,
⌅,
ꩻ,
ꆢ,
樊,
儑,
큀,
쥲,
㢶,
弈,
ᴙ,
쇓,
댥,
䍄,
⛸,
᜝,
㙰,
鑃,
⍘,
,
⯕,
,
飚,
逞,
઺,
ꖀ,
裀,
䗥,
讠,
忍,
⋢,
,
霤,
訸,
꒚,
䤔,
臂,
呐,
엖,
ꏏ,
뻚,
觎,
稌,
쀬,
྘,
嬺,
﬊,
,
툫,
꺫,
㜁,
긌,
䙁,
鍏,
ᕺ,
筟,
䳹,
粓,
,
⵩,
顭,
䦃,
,
ನ,
볆,
成,
鐿,
鉡,
,
ꀰ,
ꇺ,
羴,
醚,
䭩,
뉿,
펮,
,
띮,
ጭ,
囏,
,
ꔚ,
,
춎,
帝,
䬿,
盨,
췗,
뚰,
궻,
㬛,
,
졶,
䍨,
ᙺ,
,
렳,
쀦,
ℴ,
걟,
醯,
稺,
싘,
뷦,
㒅,
눚,
짧,
治,
⾆,
㦵,
߯,
魵,
導,
߻,
᡻,
隁,
慌,
뙙,
䯼,
討,
ෂ,
,
ᩭ,
譐,
퀑,
䟟,
,
ፎ,
乳,
ᆲ,
頁,
Ꮼ,
턙,
炕,
,
ΐ,
?,
잸,
ڵ,
,
Ძ,
坏,
紫,
醱,
塍,
ㆡ,
泧,
翉,
矘,
㼘,
䵯,
쯻,
흋,
橻,
듢,
芸,
茩,
읖,
貰,
췁,
컁,
ʑ,
風,
䧲,
욅,
䒚,
,
?,
誡,
阵,
,
䍹,
刱,
樂,
ꗿ,
銲,
羐,
줲,
ת,
婌,
籭,
矨,
ᵆ,
됰,
昰,
꿸,
滿,
,
,
흯,
저,
괎,
?,
㚞,
ꦒ,
O,
粮,
酼,
ꢫ,
첋,
걂,
뗜,
,
䁈,
ﱬ,
﷏,
ꡫ,
䓫,
䓝,
麢,
䩩,
牅,
벌,
ﮋ,
祯,
蜒,
,
ᓐ,
䵢,
㱕,
䋒,
斾,
홨,
,
虦,
ꆳ,
馔,
뿕,
쌎,
謈,
,
粊,
푺,
뱑,
︯,
,
詉,
恉,
ꆿ,
졃,
䙮,
઎,
⹤,
,
팗,
Ϗ,
炿,
㿕,
푃,
῭,
쌑,
ꕕ,
櫮,
?,
ꡝ,
彋,
꘩,
噲,
ྙ,
迫,
ꛥ,
꒭,
ⶏ,
㦋,
춚,
ꉵ,
迟,
書,
煿,
?,
賫,
,
ꮯ,
ꚢ,
＊,
孋,
尳,
▾,
?,
廚,
謘,
ᕪ,
㠪,
ა,
⠳,
뺽,
괻,
灥,
럔,
ೕ,
≚,
曘,
⧯,
鋦,
혮,
ꦉ,
␞,
陹,
쭙,
뵢,
⺉,
ꅝ,
癒,
쭩,
嬊,
,
౉,
Ｊ,
㘽,
,
쀥,
ቩ,
䩳,
♤,
謤,
⛽,
⎪,
뗸,
쵩,
쨍,
춌,
댡,
࿒,
Ö,
芑,
돵,
큑,
凅,
?,
ﲨ,
速,
₂,
謝,
?,
絊,
쑂,
慄,
௥,
,
⊗,
뾛,
黉,
訍,
瘑,
,
韾,
胖,
ꤥ,
쓹,
୓,
瞇,
蟂,
琭,
ꨰ,
嚤,
럭,
똭,
栱,
윉,
⹁,
ꑇ,
,
젓,
醉,
,
,
夏,
ﭢ,
虩,
ꕩ,
쩖,
⧥,
竳,
왐,
⠿,
㦻,
䛉,
煡,
艏,
뺭,
⭤,
꽨,
쥗,
,
䷤,
恐,
鴘,
ퟥ,
剶,
ᓜ,
柦,
⠞,
䮨,
䤒,
倞,
?,
꠱,
ꪩ,
쪿,
᜴,
塑,
,
Ｈ,
濭,
林,
,
஥,
鉙,
괞,
굌,
五,
,
츮,
誥,
锣,
䀀,
絋,
,
僥,
㣘,
닢,
焥,
,
ୟ,
꒪,
⼺,
슙,
ꐴ,
躠,
⁄,
,
丨,
韭,
쿧,
愮,
ⷥ,
⒊,
,
산,
킉,
,
觀,
蘕,
ⶣ,
ꦝ,
뿶,
⩪,
뽍,
,
,
罘,
篤,
끐,
郑,
,
û,
⟮,
ް,
쓂,
触,
ꇟ,
藞,
妧,
≃,
ȧ,
$,
랈,
槧,
읿,
ᗫ,
奚,
롖,
᠉,
ᖕ,
ҡ,
툋,
뻆,
湡,
,
်,
,
•,
ퟫ,
랸,
ঋ,
颳,
櫆,
썏,
榰,
䫅,
,
싇,
,
࠿,
媈,
,
倥,
탙,
탁,
줅,
딇,
,
酨,
鍊,
놧,
뛷,
娕,
쓳,
尛,
 ,
옱,
ႎ,
髜,
ꛘ,
ꟴ,
睮,
碱,
넇,
否,
觬,
쫃,
ﭛ,
,
ᖤ,
龾,
洆,
渵,
㡺,
꽜,
쿭,
,
ᖹ,
芬,
⸕,
㬆,
Ḛ,
胕,
?,
慆,
來,
䔭,
㼛,
잛,
⋈,
㏅,
㥶,
ｆ,
箺,
䏡,
偧,
₞,
㛞,
쮸,
,
쎐,
,
뺴,
⢯,
遪,
Ｃ,
傛,
ꜫ,
첁,
Ῠ,
,
猺,
엳,
炷,
릠,
ᆥ,
߃,
줗,
ᶑ,
鷘,
立,
,
ꦙ,
腏,
줾,
蹘,
࠷,
㓜,
㰹,
䳓,
,
ꦶ,
ꔨ,
㯖,
괥,
춳,
庀,
Ⰸ,
?,
,
,
䥯,
ᱝ,
鰄,
ៀ,
៮,
㩻,
,
祝,
䝕,
卫,
䙈,
,
탔,
霿,
,
薙,
㼊,
❨,
飣,
苁,
˄,
粗,
돩,
⭋,
ﬅ,
뎆,
琊,
迨,
㳥,
?,
޻,
鋽,
?,
䬕,
꺪,
隷,
᳅,
,
䀷,
ᣍ,
讶,
䓇,
,
䩝,
?,
쀞,
䨐,
⃂,
煶,
䇟,
랇,
뎫,
翿,
⑔,
饝,
,
䌵,
?,
⸿,
㉚,
⭂,
,
뚍,
뢨,
㖡,
䩃,
츛,
ⵙ,
쏊,
,
ꍘ,
臩,
閒,
ꩲ,
,
蚐,
岕,
籦,
 ,
牳,
㧇,
荮,
ھ,
琀,
辘,
慾,
,
?,
엫,
䷮,
,
ᇣ,
琘,
㫼,
ྒ,
櫪,
緱,
⃳,
斪,
?,
⌍,
붢,
是,
Ʝ,
߰,
ᯬ,
螽,
硫,
윈,
큹,
䯅,
䍧,
⾊,
팈,
՜,
쵂,
⊳,
,
ㅋ,
䡦,
泲,
ᛎ,
ｐ,
㶶,
쐸,
근,
腶,
鄾,
㦆,
朆,
筪,
﫸,
ꖵ,
胇,
ꇭ,
립,
㘝,
酺,
,
䔝,
탔,
詂,
榘,
忀,
훃,
豯,
❦,
멮,
츗,
䓕,
ꮼ,
楥,
,
ⵗ,
䬰,
鱼,
⯥,
銀,
ᴚ,
圅,
㹕,
⡔,
闬,
 ,
￦,
伿,
裤,
聒,
箑,
䙾,
鄺,
⸹,
᰺,
里,
৖,
맲,
垽,
㳲,
䮣,
ⶂ,
⮊,
,
銑,
ｎ,
ゖ,
᳿,
鏛,
莋,
,
똪,
扣,
꜓,
콟,
괸,
㑖,
,
齊,
찝,
⟀,
褜,
꫐,
ͅ,
㮛,
嵡,
ꋜ,
궅,
ᙻ,
ꋂ,
塠,
⠃,
쳵,
,
ল,
,
ᓡ,
,
苺,
,
蟜,
並,
禱,
蠢,
ꏋ,
ኞ,
驤,
ᱮ,
㵋,
,
홚,
?,
듴,
杮,
鲃,
?,
Ὠ,
⋒,
,
丝,
䒤,
㘶,
౒,
ᛶ,
,
曮,
,
,
ꤚ,
蜟,
奠,
笰,
縴,
€,
,
﷢,
킹,
퍙,
룼,
ﾈ,
᪶,
ꌖ,
븁,
,
㑨,
蓃,
,
層,
,
㩹,
ᅎ,
镙,
Ⲟ,
剡,
Ⰸ,
᎑,
잶,
蕊,
뒠,
,
͵,
靦,
,
텡,
౲,
θ,
䯋,
뚸,
耻,
椆,
⬝,
ꓔ,
函,
킧,
憡,
?,
歺,
雐,
딟,
?,
绠,
䫘,
ↆ,
,
栫,
,
⼻,
?,
䍌,
ᩇ,
榗,
㼁,
࿤,
⢑,
玷,
醓,
ޞ,
樆,
ꏋ,
蓞,
犎,
５,
᎚,
蔇,
걩,
羰,
?,
㐃,
,
,
,
맼,
얅,
窓,
,
㣟,
蔕,
⭴,
䬹,
뗼,
,
Л,
饌,
䥚,
㭁,
釠,
ꂣ,
眊,
末,
箳,
敥,
閜,
,
偑,
刳,
鶖,
,
䷞,
揗,
覝,
₲,
얤,
,
ᮯ,
裞,
?,
䫚,
쨵,
쩈,
,
?,
꽯,
?,
ㄫ,
ꔒ,
⏤,
屧,
ᣣ,
텈,
窄,
蕜,
波,
ߛ,
豬,
ᩈ,
⭓,
鵀,
汌,
븗,
ꋗ,
정,
懏,
푓,
晴,
꾲,
耹,
?,
␐,
숂,
퇚,
픷,
,
蠽,
뤤,
,
꼢,
르,
㎅,
,
೩,
⩸,
ཹ,
鿙,
욘,
,
妿,
랸,
䡨,
ﲏ,
ᮋ,
蘞,
,
쫢,
̠,
崇,
♖,
互,
,
㎤,
,
謏,
᭠,
ὐ,
婜,
,
殺,
໌,
,
嬉,
Ꟊ,
,
䲺,
엙,
쯷,
끯,
꾮,
즱,
݁,
嚎,
κ,
胍,
췃,
ᔙ,
괁,
㭢,
竦,
쮄,
綫,
멖,
㒈,
씰,
᭣,
﯆,
ݿ,
,
限,
얼,
ꄣ,
⠢,
娠,
,
噻,
Ⅲ,
⒗,
朙,
?,
㙧,
섧,
ꦟ,
?,
䛒,
핫,
憏,
觇,
∡,
既,
얈,
恴,
ꄝ,
㥆,
,
ꏘ,
຀,
,
㭖,
,
ޜ,
熐,
?,
,
ᑱ,
빆,
兘,
꾙,
畂,
闑,
릮,
쿗,
,
떜,
蝡,
ꎻ,
┵,
﬷,
括,
,
姨,
곓,
趷,
厎,
ቑ,
捙,
Ⴈ,
菪,
⟰,
匠,
軹,
쀁,
词,
❗,
昑,
씗,
ቾ,
띯,
賏,
鉼,
蕞,
䃩,
福,
,
⒆,
,
꧇,
,
眦,
基,
榥,
맑,
Ꞗ,
⺟,
䋥,
駠,
¨,
,
웂,
?,
쀚,
꽭,
ʼ,
Σ,
⃖,
,
츺,
⽵,
ꙙ,
넸,
?,
﹈,
ꑬ,
˱,
䒥,
薟,
ﺠ,
꿭,
䴻,
캏,
䌥,
啍,
,
窔,
㜑,
ꂍ,
ᇘ,
旜,
欃,
鷛,
Ƛ,
窃,
땇,
ၝ,
⒆,
孧,
環,
箅,
ꭾ,
,
⎿,
흊,
깙,
駠,
恇,
륷,
ﶝ,
㊼,
䆼,
報,
ꃘ,
灴,
氏,
ꁖ,
꒦,
䲣,
滤,
,
ꋒ,
,
ꙧ,
ᴗ,
䘩,
﬙,
ꌍ,
쏿,
蜑,
茓,
绰,
ᢪ,
,
ﭸ,
ᡎ,
